{
    "1": 0.3103448275862069,
    "2": 0.3620689655172414,
    "3": 0.02586206896551724,
    "4": 0.28448275862068967,
    "5": 0.017241379310344827
}